Author,Title,URL,search_keyword,duration_sec,video_num,itag,mime_tyoe,resolution,fps,video_codec,audio_codec,progressive,type,start_min,start_sec,finish_min,finish_sec,data_num
Hannah Morris Bouldering,I Trained Like A Professional Climber for 40 DAYS,https://www.youtube.com//watch?v=txGhHkbPjCk&pp=ygURY2xpbWJpbmcgdHJhaW5pbmc%3D,climbing training,960,0,22,video/mp4,720p,24,avc1.64001F,mp4a.40.2,TRUE,video,14,57,14,59,1
HoseokClimb,My Rock Climbing Training Routine to V8 Revealed (Beginner to Intermediate),https://www.youtube.com//watch?v=IHHEKcfVIsg&pp=ygURY2xpbWJpbmcgdHJhaW5pbmc%3D,climbing training,1434,1,22,video/mp4,720p,30,avc1.64001F,mp4a.40.2,TRUE,video,21,20,21,23,2
Hooper's Beta,How to Train for Climbing [Full Body Guide ft. Dan Beall],https://www.youtube.com//watch?v=Iy8wi_u5oFI&pp=ygURY2xpbWJpbmcgdHJhaW5pbmc%3D,climbing training,4149,2,22,video/mp4,720p,30,avc1.64001F,mp4a.40.2,TRUE,video,66,0,66,2,3
Adam Ondra,Climb Smart: Boulder Training Efficiency ? | Tips & Tricks by Adam Ondra,https://www.youtube.com//watch?v=SLJTwFQE10A&pp=ygURY2xpbWJpbmcgdHJhaW5pbmc%3D,climbing training,1402,3,22,video/mp4,720p,25,avc1.64001F,mp4a.40.2,TRUE,video,17,12,17,18,4
Adam Ondra,Most Climbers Should Train LIKE THIS | Adam Ondra & Magnus Midtbø,https://www.youtube.com//watch?v=xCu89k1aGWo&pp=ygURY2xpbWJpbmcgdHJhaW5pbmc%3D,climbing training,1708,4,22,video/mp4,720p,24,avc1.64001F,mp4a.40.2,TRUE,video,4,50,4,54,5
Lattice Training,Learn 100+ Climbing Techniques With Just 4 Movement Concepts,https://www.youtube.com//watch?v=a8DTOztiuLM&pp=ygURY2xpbWJpbmcgdHJhaW5pbmc%3D,climbing training,1052,5,22,video/mp4,720p,25,avc1.64001F,mp4a.40.2,TRUE,video,8,49,8,55,6
Lattice Training,We Asked 6 STRONG Climbers How To Train Finger Strength,https://www.youtube.com//watch?v=PXT05KLawLk&pp=ygURY2xpbWJpbmcgdHJhaW5pbmc%3D,climbing training,724,6,22,video/mp4,720p,25,avc1.64001F,mp4a.40.2,TRUE,video,7,25,7,27,7
Lattice Training,We Asked 6 STRONG Climbers How To Train Finger Strength,https://www.youtube.com//watch?v=PXT05KLawLk&pp=ygURY2xpbWJpbmcgdHJhaW5pbmc%3D,climbing training,724,6,22,video/mp4,720p,25,avc1.64001F,mp4a.40.2,TRUE,video,7,30,7,34,8
Lattice Training,We Asked 6 STRONG Climbers How To Train Finger Strength,https://www.youtube.com//watch?v=PXT05KLawLk&pp=ygURY2xpbWJpbmcgdHJhaW5pbmc%3D,climbing training,724,6,22,video/mp4,720p,25,avc1.64001F,mp4a.40.2,TRUE,video,11,33,7,38,9
Magnus Midtbø,How to maintain Climbing Fitness with very little effort  - Training routine,https://www.youtube.com//watch?v=yomjU8ePIaI&pp=ygURY2xpbWJpbmcgdHJhaW5pbmc%3D,climbing training,975,7,22,video/mp4,720p,25,avc1.64001F,mp4a.40.2,TRUE,video,2,6,2,16,10
Magnus Midtbø,How to maintain Climbing Fitness with very little effort  - Training routine,https://www.youtube.com//watch?v=yomjU8ePIaI&pp=ygURY2xpbWJpbmcgdHJhaW5pbmc%3D,climbing training,975,7,22,video/mp4,720p,25,avc1.64001F,mp4a.40.2,TRUE,video,3,33,3,40,11
Magnus Midtbø,How to maintain Climbing Fitness with very little effort  - Training routine,https://www.youtube.com//watch?v=yomjU8ePIaI&pp=ygURY2xpbWJpbmcgdHJhaW5pbmc%3D,climbing training,975,7,22,video/mp4,720p,25,avc1.64001F,mp4a.40.2,TRUE,video,6,31,6,35,12
Ape Climbing,Indoor climbing training - feat. Zanias - Duneskipper,https://www.youtube.com//watch?v=uwEnHO40IZs&pp=ygURY2xpbWJpbmcgdHJhaW5pbmc%3D,climbing training,343,8,22,video/mp4,720p,25,avc1.64001F,mp4a.40.2,TRUE,video,1,10,1,17,13
Lattice Training,"How To Avoid The ""Intermediate Climber"" Plateau",https://www.youtube.com//watch?v=KBN9MrzXu0U&pp=ygURY2xpbWJpbmcgdHJhaW5pbmc%3D,climbing training,1409,9,22,video/mp4,720p,25,avc1.64001F,mp4a.40.2,TRUE,video,17,8,17,10,14
Lattice Training,This Will Change Climbing Training Forever - Yves Arm-Lifting Method,https://www.youtube.com//watch?v=nhyk765nw-8&pp=ygURY2xpbWJpbmcgdHJhaW5pbmc%3D,climbing training,1284,10,22,video/mp4,720p,25,avc1.64001F,mp4a.40.2,TRUE,video,0,37,0,38,15
Lattice Training,Getting Stronger Quickly as a Beginner!,https://www.youtube.com//watch?v=pi6B3b0s7_U&pp=ygURY2xpbWJpbmcgdHJhaW5pbmc%3D,climbing training,628,11,22,video/mp4,720p,25,avc1.64001F,mp4a.40.2,TRUE,video,4,20,4,25,16
Lattice Training,Getting Stronger Quickly as a Beginner!,https://www.youtube.com//watch?v=pi6B3b0s7_U&pp=ygURY2xpbWJpbmcgdHJhaW5pbmc%3D,climbing training,628,11,22,video/mp4,720p,25,avc1.64001F,mp4a.40.2,TRUE,video,4,36,4,40,17
Lattice Training,The Only Training Video Climbers Need for Exercises Selection!,https://www.youtube.com//watch?v=cwhntbwNsBQ&pp=ygURY2xpbWJpbmcgdHJhaW5pbmc%3D,climbing training,824,13,22,video/mp4,720p,25,avc1.64001F,mp4a.40.2,TRUE,video,0,50,0,53,18
Jonathan Sin ?洛正 Climbing,I TRAINED like a PRO CLIMBER for 6 Months,https://www.youtube.com//watch?v=QsG1Rmz2uE8&pp=ygURY2xpbWJpbmcgdHJhaW5pbmc%3D,climbing training,920,16,22,video/mp4,720p,30,avc1.64001F,mp4a.40.2,TRUE,video,4,23,4,25,19
Lattice Training,Try this Exercise! Power Endurance Training for Climbing,https://www.youtube.com//watch?v=Y6BxtLXfAFI&pp=ygURY2xpbWJpbmcgdHJhaW5pbmc%3D,climbing training,452,17,22,video/mp4,720p,25,avc1.64001F,mp4a.40.2,TRUE,video,4,7,4,10,20
Lattice Training,Try this Exercise! Power Endurance Training for Climbing,https://www.youtube.com//watch?v=Y6BxtLXfAFI&pp=ygURY2xpbWJpbmcgdHJhaW5pbmc%3D,climbing training,452,17,22,video/mp4,720p,25,avc1.64001F,mp4a.40.2,TRUE,video,6,24,6,30,21
Movement for Climbers,Home Workout | Rebalance & Rebuild Your Body!,https://www.youtube.com//watch?v=ChGP5ahvvN4&pp=ygURY2xpbWJpbmcgdHJhaW5pbmc%3D,climbing training,602,18,22,video/mp4,720p,30,avc1.64001F,mp4a.40.2,TRUE,video,0,32,0,35,22
Movement for Climbers,Home Workout | Rebalance & Rebuild Your Body!,https://www.youtube.com//watch?v=ChGP5ahvvN4&pp=ygURY2xpbWJpbmcgdHJhaW5pbmc%3D,climbing training,602,18,22,video/mp4,720p,30,avc1.64001F,mp4a.40.2,TRUE,video,0,48,0,52,23
Mary Falconer Bouldering,"Endurance training this evening, so much fun getting pumped?????♂? #climbing #bouldering #fypシ",https://www.youtube.com//shorts/ZadKg_Aoxxc,climbing training,59,21,22,video/mp4,720p,30,avc1.64001F,mp4a.40.2,TRUE,video,0,0,0,10,24
Galaxyshark,Look Mom! No hands! #bouldering #climbing #beta #parkour #hack #funny #break #indoor #workout #tall,https://www.youtube.com//shorts/3MiN7MmmMho,climbing training,31,22,22,video/mp4,720p,30,avc1.64001F,mp4a.40.2,TRUE,video,0,0,0,5,25
Depot Climbing,People of Depot Climbing Isaac Hilson Climbing Staff,https://www.youtube.com//watch?v=Oh8n0hoYYO0&pp=ygURY2xpbWJpbmcgdHJhaW5pbmc%3D,climbing training,203,23,22,video/mp4,720p,24,avc1.64001F,mp4a.40.2,TRUE,video,0,44,0,46,26
Hard Is Easy,Training VS Just Climbing,https://www.youtube.com//watch?v=WpJrx-z1qkw&pp=ygURY2xpbWJpbmcgdHJhaW5pbmc%3D,climbing training,1672,25,22,video/mp4,720p,24,avc1.64001F,mp4a.40.2,TRUE,video,10,12,10,22,27
Hard Is Easy,Training VS Just Climbing,https://www.youtube.com//watch?v=WpJrx-z1qkw&pp=ygURY2xpbWJpbmcgdHJhaW5pbmc%3D,climbing training,1672,25,22,video/mp4,720p,24,avc1.64001F,mp4a.40.2,TRUE,video,13,45,13,49,28
Hard Is Easy,Training VS Just Climbing,https://www.youtube.com//watch?v=WpJrx-z1qkw&pp=ygURY2xpbWJpbmcgdHJhaW5pbmc%3D,climbing training,1672,25,22,video/mp4,720p,24,avc1.64001F,mp4a.40.2,TRUE,video,13,54,13,56,29
Hooper's Beta,How to Start Strength Training for Climbing like a Minimalist,https://www.youtube.com//watch?v=nYvrEIcHhOE&pp=ygURY2xpbWJpbmcgdHJhaW5pbmc%3D,climbing training,646,26,22,video/mp4,720p,30,avc1.64001F,mp4a.40.2,TRUE,video,0,15,0,17,30
Lattice Training,Climbing's Most MISUNDERSTOOD Training Method,https://www.youtube.com//watch?v=s9xFZ1epi2U&pp=ygURY2xpbWJpbmcgdHJhaW5pbmc%3D,climbing training,556,27,22,video/mp4,720p,25,avc1.64001F,mp4a.40.2,TRUE,video,1,53,1,57,31
Movement for Climbers,"Bouldering Progression Series - Intermediate I | V4, V5-",https://www.youtube.com//watch?v=Rt5pcOUZNUA&pp=ygULY2xpbWJpbmcgdjU%3D,climbing v5,736,29,22,video/mp4,720p,30,avc1.64001F,mp4a.40.2,TRUE,video,0,13,0,15,32
Geek Climber,Systematic Approach to Climbing all V5s/V6s (6C/7A) in My Gym Explained,https://www.youtube.com//watch?v=O9hXpOhSE74&pp=ygULY2xpbWJpbmcgdjU%3D,climbing v5,349,30,22,video/mp4,720p,24,avc1.64001F,mp4a.40.2,TRUE,video,2,16,2,23,33
Geek Climber,Systematic Approach to Climbing all V5s/V6s (6C/7A) in My Gym Explained,https://www.youtube.com//watch?v=O9hXpOhSE74&pp=ygULY2xpbWJpbmcgdjU%3D,climbing v5,349,30,22,video/mp4,720p,24,avc1.64001F,mp4a.40.2,TRUE,video,5,14,5,18,34
Geek Climber,Systematic Approach to Climbing all V5s/V6s (6C/7A) in My Gym Explained,https://www.youtube.com//watch?v=O9hXpOhSE74&pp=ygULY2xpbWJpbmcgdjU%3D,climbing v5,349,30,22,video/mp4,720p,24,avc1.64001F,mp4a.40.2,TRUE,video,6,36,6,39,35
Geek Climber,Systematic Approach to Climbing all V5s/V6s (6C/7A) in My Gym Explained,https://www.youtube.com//watch?v=O9hXpOhSE74&pp=ygULY2xpbWJpbmcgdjU%3D,climbing v5,349,30,22,video/mp4,720p,24,avc1.64001F,mp4a.40.2,TRUE,video,9,33,9,34,36
Catalyst Climbing,Pro Coach Takes V5 Climber to V8 in One Session?,https://www.youtube.com//watch?v=rbxr9Ad2oq8&pp=ygULY2xpbWJpbmcgdjU%3D,climbing v5,1468,31,22,video/mp4,720p,25,avc1.64001F,mp4a.40.2,TRUE,video,11,59,12,1,37
Catalyst Climbing,Pro Coach Takes V5 Climber to V8 in One Session?,https://www.youtube.com//watch?v=rbxr9Ad2oq8&pp=ygULY2xpbWJpbmcgdjU%3D,climbing v5,1468,31,22,video/mp4,720p,25,avc1.64001F,mp4a.40.2,TRUE,video,12,55,12,57,38
Catalyst Climbing,Pro Coach Takes V5 Climber to V8 in One Session?,https://www.youtube.com//watch?v=rbxr9Ad2oq8&pp=ygULY2xpbWJpbmcgdjU%3D,climbing v5,1468,31,22,video/mp4,720p,25,avc1.64001F,mp4a.40.2,TRUE,video,16,14,16,19,39
Send Edition,How To Train For Climbing V4-V5: 5 Drills to develop technique and strength,https://www.youtube.com//watch?v=sPpJLDRsO_4&pp=ygULY2xpbWJpbmcgdjU%3D,climbing v5,407,32,22,video/mp4,720p,25,avc1.64001F,mp4a.40.2,TRUE,video,0,33,0,35,40
Send Edition,How To Train For Climbing V4-V5: 5 Drills to develop technique and strength,https://www.youtube.com//watch?v=sPpJLDRsO_4&pp=ygULY2xpbWJpbmcgdjU%3D,climbing v5,407,32,22,video/mp4,720p,25,avc1.64001F,mp4a.40.2,TRUE,video,0,47,0,50,41
Send Edition,How To Train For Climbing V4-V5: 5 Drills to develop technique and strength,https://www.youtube.com//watch?v=sPpJLDRsO_4&pp=ygULY2xpbWJpbmcgdjU%3D,climbing v5,407,32,22,video/mp4,720p,25,avc1.64001F,mp4a.40.2,TRUE,video,1,15,1,23,42
Send Edition,How To Train For Climbing V4-V5: 5 Drills to develop technique and strength,https://www.youtube.com//watch?v=sPpJLDRsO_4&pp=ygULY2xpbWJpbmcgdjU%3D,climbing v5,407,32,22,video/mp4,720p,25,avc1.64001F,mp4a.40.2,TRUE,video,1,37,1,40,43
Send Edition,How To Train For Climbing V4-V5: 5 Drills to develop technique and strength,https://www.youtube.com//watch?v=sPpJLDRsO_4&pp=ygULY2xpbWJpbmcgdjU%3D,climbing v5,407,32,22,video/mp4,720p,25,avc1.64001F,mp4a.40.2,TRUE,video,1,47,1,49,44
Send Edition,How To Train For Climbing V4-V5: 5 Drills to develop technique and strength,https://www.youtube.com//watch?v=sPpJLDRsO_4&pp=ygULY2xpbWJpbmcgdjU%3D,climbing v5,407,32,22,video/mp4,720p,25,avc1.64001F,mp4a.40.2,TRUE,video,4,12,4,16,45
Send Edition,How To Train For Climbing V4-V5: 5 Drills to develop technique and strength,https://www.youtube.com//watch?v=sPpJLDRsO_4&pp=ygULY2xpbWJpbmcgdjU%3D,climbing v5,407,32,22,video/mp4,720p,25,avc1.64001F,mp4a.40.2,TRUE,video,5,55,5,58,46
Catalyst Climbing,What's The Difference Between a V5 and V13 Climber? (in-depth comparison),https://www.youtube.com//watch?v=nH-CakGUo7g&pp=ygULY2xpbWJpbmcgdjU%3D,climbing v5,1431,33,22,video/mp4,720p,25,avc1.64001F,mp4a.40.2,TRUE,video,8,2,8,5,47
Catalyst Climbing,What's The Difference Between a V5 and V13 Climber? (in-depth comparison),https://www.youtube.com//watch?v=nH-CakGUo7g&pp=ygULY2xpbWJpbmcgdjU%3D,climbing v5,1431,33,22,video/mp4,720p,25,avc1.64001F,mp4a.40.2,TRUE,video,10,4,10,7,48
Josh Rundle,Strength Compared V15 to V5. What’s the Difference?,https://www.youtube.com//watch?v=qqHskaq6RZY&pp=ygULY2xpbWJpbmcgdjU%3D,climbing v5,1726,34,22,video/mp4,720p,24,avc1.64001F,mp4a.40.2,TRUE,video,16,16,16,20,49
Josh Rundle,Strength Compared V15 to V5. What’s the Difference?,https://www.youtube.com//watch?v=qqHskaq6RZY&pp=ygULY2xpbWJpbmcgdjU%3D,climbing v5,1726,34,22,video/mp4,720p,24,avc1.64001F,mp4a.40.2,TRUE,video,16,42,16,47,50
Josh Rundle,Strength Compared V15 to V5. What’s the Difference?,https://www.youtube.com//watch?v=qqHskaq6RZY&pp=ygULY2xpbWJpbmcgdjU%3D,climbing v5,1726,34,22,video/mp4,720p,24,avc1.64001F,mp4a.40.2,TRUE,video,17,18,17,20,51
Josh Rundle,Strength Compared V15 to V5. What’s the Difference?,https://www.youtube.com//watch?v=qqHskaq6RZY&pp=ygULY2xpbWJpbmcgdjU%3D,climbing v5,1726,34,22,video/mp4,720p,24,avc1.64001F,mp4a.40.2,TRUE,video,19,8,19,11,52
Josh Rundle,Strength Compared V15 to V5. What’s the Difference?,https://www.youtube.com//watch?v=qqHskaq6RZY&pp=ygULY2xpbWJpbmcgdjU%3D,climbing v5,1726,34,22,video/mp4,720p,24,avc1.64001F,mp4a.40.2,TRUE,video,24,20,24,27,53
Josh Rundle,Strength Compared V15 to V5. What’s the Difference?,https://www.youtube.com//watch?v=qqHskaq6RZY&pp=ygULY2xpbWJpbmcgdjU%3D,climbing v5,1726,34,22,video/mp4,720p,24,avc1.64001F,mp4a.40.2,TRUE,video,28,11,28,14,54
Movement for Climbers,"Bouldering Progression Series - Intermediate II | V5+, V6",https://www.youtube.com//watch?v=mXqTRLW1Z-A&pp=ygULY2xpbWJpbmcgdjU%3D,climbing v5,596,35,22,video/mp4,720p,30,avc1.64001F,mp4a.40.2,TRUE,video,1,28,1,32,55
Movement for Climbers,"Bouldering Progression Series - Intermediate II | V5+, V6",https://www.youtube.com//watch?v=mXqTRLW1Z-A&pp=ygULY2xpbWJpbmcgdjU%3D,climbing v5,596,35,22,video/mp4,720p,30,avc1.64001F,mp4a.40.2,TRUE,video,2,25,2,29,56
Movement for Climbers,"Bouldering Progression Series - Intermediate II | V5+, V6",https://www.youtube.com//watch?v=mXqTRLW1Z-A&pp=ygULY2xpbWJpbmcgdjU%3D,climbing v5,596,35,22,video/mp4,720p,30,avc1.64001F,mp4a.40.2,TRUE,video,2,34,2,40,57
Casual Climbs,What it takes to Climb a V5 for the Average Climber,https://www.youtube.com//watch?v=RCxGEs83ZvM&pp=ygULY2xpbWJpbmcgdjU%3D,climbing v5,581,36,22,video/mp4,720p,30,avc1.64001F,mp4a.40.2,TRUE,video,0,58,1,5,58
Casual Climbs,What it takes to Climb a V5 for the Average Climber,https://www.youtube.com//watch?v=RCxGEs83ZvM&pp=ygULY2xpbWJpbmcgdjU%3D,climbing v5,581,36,22,video/mp4,720p,30,avc1.64001F,mp4a.40.2,TRUE,video,2,14,2,18,59
Casual Climbs,What it takes to Climb a V5 for the Average Climber,https://www.youtube.com//watch?v=RCxGEs83ZvM&pp=ygULY2xpbWJpbmcgdjU%3D,climbing v5,581,36,22,video/mp4,720p,30,avc1.64001F,mp4a.40.2,TRUE,video,5,13,5,18,60
Casual Climbs,What it takes to Climb a V5 for the Average Climber,https://www.youtube.com//watch?v=RCxGEs83ZvM&pp=ygULY2xpbWJpbmcgdjU%3D,climbing v5,581,36,22,video/mp4,720p,30,avc1.64001F,mp4a.40.2,TRUE,video,6,59,7,3,61
Josh Rundle,8c Climber Takes V5 Climber to V7 in One Session,https://www.youtube.com//watch?v=A6wlT5xaQrk&pp=ygULY2xpbWJpbmcgdjU%3D,climbing v5,1025,37,22,video/mp4,720p,24,avc1.64001F,mp4a.40.2,TRUE,video,0,2,0,3,62
Josh Rundle,8c Climber Takes V5 Climber to V7 in One Session,https://www.youtube.com//watch?v=A6wlT5xaQrk&pp=ygULY2xpbWJpbmcgdjU%3D,climbing v5,1025,37,22,video/mp4,720p,24,avc1.64001F,mp4a.40.2,TRUE,video,0,58,1,5,63
Josh Rundle,8c Climber Takes V5 Climber to V7 in One Session,https://www.youtube.com//watch?v=A6wlT5xaQrk&pp=ygULY2xpbWJpbmcgdjU%3D,climbing v5,1025,37,22,video/mp4,720p,24,avc1.64001F,mp4a.40.2,TRUE,video,2,14,2,17,64
Josh Rundle,8c Climber Takes V5 Climber to V7 in One Session,https://www.youtube.com//watch?v=A6wlT5xaQrk&pp=ygULY2xpbWJpbmcgdjU%3D,climbing v5,1025,37,22,video/mp4,720p,24,avc1.64001F,mp4a.40.2,TRUE,video,2,24,2,27,65
Movement for Climbers,Fixed Her Feet & Her Hands Got Stronger | Coaching Session (V4-V5 Climber),https://www.youtube.com//watch?v=LVi9SjMEIf8&pp=ygULY2xpbWJpbmcgdjU%3D,climbing v5,1140,38,22,video/mp4,720p,24,avc1.64001F,mp4a.40.2,TRUE,video,0,0,0,4,66
Movement for Climbers,Fixed Her Feet & Her Hands Got Stronger | Coaching Session (V4-V5 Climber),https://www.youtube.com//watch?v=LVi9SjMEIf8&pp=ygULY2xpbWJpbmcgdjU%3D,climbing v5,1140,38,22,video/mp4,720p,24,avc1.64001F,mp4a.40.2,TRUE,video,0,6,0,10,67
Movement for Climbers,Fixed Her Feet & Her Hands Got Stronger | Coaching Session (V4-V5 Climber),https://www.youtube.com//watch?v=LVi9SjMEIf8&pp=ygULY2xpbWJpbmcgdjU%3D,climbing v5,1140,38,22,video/mp4,720p,24,avc1.64001F,mp4a.40.2,TRUE,video,0,29,0,31,68
Movement for Climbers,Fixed Her Feet & Her Hands Got Stronger | Coaching Session (V4-V5 Climber),https://www.youtube.com//watch?v=LVi9SjMEIf8&pp=ygULY2xpbWJpbmcgdjU%3D,climbing v5,1140,38,22,video/mp4,720p,24,avc1.64001F,mp4a.40.2,TRUE,video,3,50,3,55,69
Movement for Climbers,Fixed Her Feet & Her Hands Got Stronger | Coaching Session (V4-V5 Climber),https://www.youtube.com//watch?v=LVi9SjMEIf8&pp=ygULY2xpbWJpbmcgdjU%3D,climbing v5,1140,38,22,video/mp4,720p,24,avc1.64001F,mp4a.40.2,TRUE,video,4,11,4,15,70
Movement for Climbers,Fixed Her Feet & Her Hands Got Stronger | Coaching Session (V4-V5 Climber),https://www.youtube.com//watch?v=LVi9SjMEIf8&pp=ygULY2xpbWJpbmcgdjU%3D,climbing v5,1140,38,22,video/mp4,720p,24,avc1.64001F,mp4a.40.2,TRUE,video,7,39,7,41,71
Movement for Climbers,Fixed Her Feet & Her Hands Got Stronger | Coaching Session (V4-V5 Climber),https://www.youtube.com//watch?v=LVi9SjMEIf8&pp=ygULY2xpbWJpbmcgdjU%3D,climbing v5,1140,38,22,video/mp4,720p,24,avc1.64001F,mp4a.40.2,TRUE,video,7,52,7,54,72
Hannah Morris Bouldering,BIGGEST MISTAKES Coach Louis Sees at Every Grade (V0-V9+),https://www.youtube.com//watch?v=h5Oxp9qujeE&pp=ygULY2xpbWJpbmcgdjU%3D,climbing v5,1875,39,22,video/mp4,720p,24,avc1.64001F,mp4a.40.2,TRUE,video,2,17,2,22,73
Hannah Morris Bouldering,BIGGEST MISTAKES Coach Louis Sees at Every Grade (V0-V9+),https://www.youtube.com//watch?v=h5Oxp9qujeE&pp=ygULY2xpbWJpbmcgdjU%3D,climbing v5,1875,39,22,video/mp4,720p,24,avc1.64001F,mp4a.40.2,TRUE,video,3,58,4,1,74
Hannah Morris Bouldering,BIGGEST MISTAKES Coach Louis Sees at Every Grade (V0-V9+),https://www.youtube.com//watch?v=h5Oxp9qujeE&pp=ygULY2xpbWJpbmcgdjU%3D,climbing v5,1875,39,22,video/mp4,720p,24,avc1.64001F,mp4a.40.2,TRUE,video,19,30,19,33,75
Hannah Morris Bouldering,BIGGEST MISTAKES Coach Louis Sees at Every Grade (V0-V9+),https://www.youtube.com//watch?v=h5Oxp9qujeE&pp=ygULY2xpbWJpbmcgdjU%3D,climbing v5,1875,39,22,video/mp4,720p,24,avc1.64001F,mp4a.40.2,TRUE,video,20,35,20,37,76
Hannah Morris Bouldering,BIGGEST MISTAKES Coach Louis Sees at Every Grade (V0-V9+),https://www.youtube.com//watch?v=h5Oxp9qujeE&pp=ygULY2xpbWJpbmcgdjU%3D,climbing v5,1875,39,22,video/mp4,720p,24,avc1.64001F,mp4a.40.2,TRUE,video,22,15,22,18,77
Magnus Midtbø,Teaching beginner how to go from V0 to V5 in one session   |   Zach King,https://www.youtube.com//watch?v=Pcse5i0SobU&pp=ygULY2xpbWJpbmcgdjU%3D,climbing v5,1349,40,22,video/mp4,720p,24,avc1.64001F,mp4a.40.2,TRUE,video,3,42,3,45,78
Magnus Midtbø,Teaching beginner how to go from V0 to V5 in one session   |   Zach King,https://www.youtube.com//watch?v=Pcse5i0SobU&pp=ygULY2xpbWJpbmcgdjU%3D,climbing v5,1349,40,22,video/mp4,720p,24,avc1.64001F,mp4a.40.2,TRUE,video,9,26,9,29,79
Magnus Midtbø,Teaching beginner how to go from V0 to V5 in one session   |   Zach King,https://www.youtube.com//watch?v=Pcse5i0SobU&pp=ygULY2xpbWJpbmcgdjU%3D,climbing v5,1349,40,22,video/mp4,720p,24,avc1.64001F,mp4a.40.2,TRUE,video,13,14,13,17,80
Magnus Midtbø,Teaching beginner how to go from V0 to V5 in one session   |   Zach King,https://www.youtube.com//watch?v=Pcse5i0SobU&pp=ygULY2xpbWJpbmcgdjU%3D,climbing v5,1349,40,22,video/mp4,720p,24,avc1.64001F,mp4a.40.2,TRUE,video,13,18,13,20,81
Magnus Midtbø,Teaching beginner how to go from V0 to V5 in one session   |   Zach King,https://www.youtube.com//watch?v=Pcse5i0SobU&pp=ygULY2xpbWJpbmcgdjU%3D,climbing v5,1349,40,22,video/mp4,720p,24,avc1.64001F,mp4a.40.2,TRUE,video,13,32,13,35,82
Magnus Midtbø,Teaching beginner how to go from V0 to V5 in one session   |   Zach King,https://www.youtube.com//watch?v=Pcse5i0SobU&pp=ygULY2xpbWJpbmcgdjU%3D,climbing v5,1349,40,22,video/mp4,720p,24,avc1.64001F,mp4a.40.2,TRUE,video,18,10,18,13,83
Magnus Midtbø,Teaching beginner how to go from V0 to V5 in one session   |   Zach King,https://www.youtube.com//watch?v=Pcse5i0SobU&pp=ygULY2xpbWJpbmcgdjU%3D,climbing v5,1349,40,22,video/mp4,720p,24,avc1.64001F,mp4a.40.2,TRUE,video,18,43,18,46,84
Send Edition,Are You Flashing V3's? Now Focus On This | Technique for V4-V5 Progression,https://www.youtube.com//watch?v=ucdAQA5MYfI&pp=ygULY2xpbWJpbmcgdjU%3D,climbing v5,437,41,22,video/mp4,720p,25,avc1.64001F,mp4a.40.2,TRUE,video,0,0,0,3,85
Send Edition,Are You Flashing V3's? Now Focus On This | Technique for V4-V5 Progression,https://www.youtube.com//watch?v=ucdAQA5MYfI&pp=ygULY2xpbWJpbmcgdjU%3D,climbing v5,437,41,22,video/mp4,720p,25,avc1.64001F,mp4a.40.2,TRUE,video,0,6,0,8,86
Send Edition,Are You Flashing V3's? Now Focus On This | Technique for V4-V5 Progression,https://www.youtube.com//watch?v=ucdAQA5MYfI&pp=ygULY2xpbWJpbmcgdjU%3D,climbing v5,437,41,22,video/mp4,720p,25,avc1.64001F,mp4a.40.2,TRUE,video,0,25,0,29,87
Send Edition,Are You Flashing V3's? Now Focus On This | Technique for V4-V5 Progression,https://www.youtube.com//watch?v=ucdAQA5MYfI&pp=ygULY2xpbWJpbmcgdjU%3D,climbing v5,437,41,22,video/mp4,720p,25,avc1.64001F,mp4a.40.2,TRUE,video,2,27,2,31,88
Send Edition,Are You Flashing V3's? Now Focus On This | Technique for V4-V5 Progression,https://www.youtube.com//watch?v=ucdAQA5MYfI&pp=ygULY2xpbWJpbmcgdjU%3D,climbing v5,437,41,22,video/mp4,720p,25,avc1.64001F,mp4a.40.2,TRUE,video,3,21,3,25,89
Send Edition,Are You Flashing V3's? Now Focus On This | Technique for V4-V5 Progression,https://www.youtube.com//watch?v=ucdAQA5MYfI&pp=ygULY2xpbWJpbmcgdjU%3D,climbing v5,437,41,22,video/mp4,720p,25,avc1.64001F,mp4a.40.2,TRUE,video,4,16,4,21,90
Movement for Climbers,Bouldering Progression Series - Advanced | V7,https://www.youtube.com//watch?v=mhOVs5-rTFE&pp=ygULY2xpbWJpbmcgdjU%3D,climbing v5,650,42,22,video/mp4,720p,30,avc1.64001F,mp4a.40.2,TRUE,video,0,43,0,45,91
Movement for Climbers,Bouldering Progression Series - Advanced | V7,https://www.youtube.com//watch?v=mhOVs5-rTFE&pp=ygULY2xpbWJpbmcgdjU%3D,climbing v5,650,42,22,video/mp4,720p,30,avc1.64001F,mp4a.40.2,TRUE,video,1,23,1,28,92
Movement for Climbers,Bouldering Progression Series - Advanced | V7,https://www.youtube.com//watch?v=mhOVs5-rTFE&pp=ygULY2xpbWJpbmcgdjU%3D,climbing v5,650,42,22,video/mp4,720p,30,avc1.64001F,mp4a.40.2,TRUE,video,1,34,1,37,93
Movement for Climbers,Bouldering Progression Series - Advanced | V7,https://www.youtube.com//watch?v=mhOVs5-rTFE&pp=ygULY2xpbWJpbmcgdjU%3D,climbing v5,650,42,22,video/mp4,720p,30,avc1.64001F,mp4a.40.2,TRUE,video,4,42,4,47,94
Movement for Climbers,Bouldering Progression Series - Advanced | V7,https://www.youtube.com//watch?v=mhOVs5-rTFE&pp=ygULY2xpbWJpbmcgdjU%3D,climbing v5,650,42,22,video/mp4,720p,30,avc1.64001F,mp4a.40.2,TRUE,video,6,13,6,15,95
Hannah Morris Bouldering,FOOTWORK Masterclass for Beginners to Intermediate Climbers | V0-V5,https://www.youtube.com//watch?v=wl4cPC1u6zo&pp=ygULY2xpbWJpbmcgdjU%3D,climbing v5,1704,43,22,video/mp4,720p,24,avc1.64001F,mp4a.40.2,TRUE,video,1,34,1,40,96
Hannah Morris Bouldering,FOOTWORK Masterclass for Beginners to Intermediate Climbers | V0-V5,https://www.youtube.com//watch?v=wl4cPC1u6zo&pp=ygULY2xpbWJpbmcgdjU%3D,climbing v5,1704,43,22,video/mp4,720p,24,avc1.64001F,mp4a.40.2,TRUE,video,10,31,10,33,97
Hannah Morris Bouldering,FOOTWORK Masterclass for Beginners to Intermediate Climbers | V0-V5,https://www.youtube.com//watch?v=wl4cPC1u6zo&pp=ygULY2xpbWJpbmcgdjU%3D,climbing v5,1704,43,22,video/mp4,720p,24,avc1.64001F,mp4a.40.2,TRUE,video,11,4,11,8,98
Hannah Morris Bouldering,FOOTWORK Masterclass for Beginners to Intermediate Climbers | V0-V5,https://www.youtube.com//watch?v=wl4cPC1u6zo&pp=ygULY2xpbWJpbmcgdjU%3D,climbing v5,1704,43,22,video/mp4,720p,24,avc1.64001F,mp4a.40.2,TRUE,video,16,38,16,41,99
Hannah Morris Bouldering,FOOTWORK Masterclass for Beginners to Intermediate Climbers | V0-V5,https://www.youtube.com//watch?v=wl4cPC1u6zo&pp=ygULY2xpbWJpbmcgdjU%3D,climbing v5,1704,43,22,video/mp4,720p,24,avc1.64001F,mp4a.40.2,TRUE,video,21,12,21,16,100
Hannah Morris Bouldering,FOOTWORK Masterclass for Beginners to Intermediate Climbers | V0-V5,https://www.youtube.com//watch?v=wl4cPC1u6zo&pp=ygULY2xpbWJpbmcgdjU%3D,climbing v5,1704,43,22,video/mp4,720p,24,avc1.64001F,mp4a.40.2,TRUE,video,21,12,21,16,101
Hannah Morris Bouldering,FOOTWORK Masterclass for Beginners to Intermediate Climbers | V0-V5,https://www.youtube.com//watch?v=wl4cPC1u6zo&pp=ygULY2xpbWJpbmcgdjU%3D,climbing v5,1704,43,22,video/mp4,720p,24,avc1.64001F,mp4a.40.2,TRUE,video,22,35,22,38,102
Hannah Morris Bouldering,FOOTWORK Masterclass for Beginners to Intermediate Climbers | V0-V5,https://www.youtube.com//watch?v=wl4cPC1u6zo&pp=ygULY2xpbWJpbmcgdjU%3D,climbing v5,1704,43,22,video/mp4,720p,24,avc1.64001F,mp4a.40.2,TRUE,video,26,0,26,4,103
Stephen Tvedt Climbing,Progression to V5 - One Year Climbing,https://www.youtube.com//watch?v=S04c1uZIApY&pp=ygULY2xpbWJpbmcgdjU%3D,climbing v5,769,45,22,video/mp4,720p,30,avc1.64001F,mp4a.40.2,TRUE,video,1,9,1,13,104
Stephen Tvedt Climbing,Progression to V5 - One Year Climbing,https://www.youtube.com//watch?v=S04c1uZIApY&pp=ygULY2xpbWJpbmcgdjU%3D,climbing v5,769,45,22,video/mp4,720p,30,avc1.64001F,mp4a.40.2,TRUE,video,2,34,2,39,105
Stephen Tvedt Climbing,Progression to V5 - One Year Climbing,https://www.youtube.com//watch?v=S04c1uZIApY&pp=ygULY2xpbWJpbmcgdjU%3D,climbing v5,769,45,22,video/mp4,720p,30,avc1.64001F,mp4a.40.2,TRUE,video,7,0,7,5,106
Stephen Tvedt Climbing,Progression to V5 - One Year Climbing,https://www.youtube.com//watch?v=S04c1uZIApY&pp=ygULY2xpbWJpbmcgdjU%3D,climbing v5,769,45,22,video/mp4,720p,30,avc1.64001F,mp4a.40.2,TRUE,video,7,38,7,42,107
Stephen Tvedt Climbing,Progression to V5 - One Year Climbing,https://www.youtube.com//watch?v=S04c1uZIApY&pp=ygULY2xpbWJpbmcgdjU%3D,climbing v5,769,45,22,video/mp4,720p,30,avc1.64001F,mp4a.40.2,TRUE,video,7,56,8,0,108
Stephen Tvedt Climbing,Progression to V5 - One Year Climbing,https://www.youtube.com//watch?v=S04c1uZIApY&pp=ygULY2xpbWJpbmcgdjU%3D,climbing v5,769,45,22,video/mp4,720p,30,avc1.64001F,mp4a.40.2,TRUE,video,8,22,8,24,109
Magnus Midtbø,Hollywood Movie Star tries to climb V5   //    Brett Dier,https://www.youtube.com//watch?v=L2W-m1K4Lio&pp=ygULY2xpbWJpbmcgdjU%3D,climbing v5,1433,46,22,video/mp4,720p,24,avc1.64001F,mp4a.40.2,TRUE,video,4,40,4,42,110
Magnus Midtbø,Hollywood Movie Star tries to climb V5   //    Brett Dier,https://www.youtube.com//watch?v=L2W-m1K4Lio&pp=ygULY2xpbWJpbmcgdjU%3D,climbing v5,1433,46,22,video/mp4,720p,24,avc1.64001F,mp4a.40.2,TRUE,video,4,46,4,49,111
Magnus Midtbø,Hollywood Movie Star tries to climb V5   //    Brett Dier,https://www.youtube.com//watch?v=L2W-m1K4Lio&pp=ygULY2xpbWJpbmcgdjU%3D,climbing v5,1433,46,22,video/mp4,720p,24,avc1.64001F,mp4a.40.2,TRUE,video,7,44,7,47,112
Hannah Morris Bouldering,Can we climb this V5 in only 3 attempts? | girls session at Volume 1,https://www.youtube.com//watch?v=Lt0ruhX_XQQ&pp=ygULY2xpbWJpbmcgdjU%3D,climbing v5,415,47,22,video/mp4,720p,25,avc1.64001F,mp4a.40.2,TRUE,video,1,8,1,10,113
Hannah Morris Bouldering,My bouldering technique isn't what it used to be! | V4 to V6 climb with me,https://www.youtube.com//watch?v=JTXzCgJ90-I&pp=ygULY2xpbWJpbmcgdjU%3D,climbing v5,601,48,22,video/mp4,720p,25,avc1.64001F,mp4a.40.2,TRUE,video,2,24,2,27,114
The Stoke,Sending his First V5!! || Bouldering Session,https://www.youtube.com//watch?v=87Xkmx0nRSY&pp=ygULY2xpbWJpbmcgdjU%3D,climbing v5,1085,49,22,video/mp4,720p,24,avc1.64001F,mp4a.40.2,TRUE,video,0,0,0,1,115
Wither,me climbing v5-6 probably 5,https://www.youtube.com//watch?v=sviqMpKTVYk&pp=ygULY2xpbWJpbmcgdjU%3D,climbing v5,66,50,18,video/mp4,360p,30,avc1.42001E,mp4a.40.2,TRUE,video,0,14,0,16,116
Audrey Foronda,Bishop Bouldering (Sad Boulders) - Molly (V5),https://www.youtube.com//watch?v=PZ_kw6CqcUo&pp=ygULY2xpbWJpbmcgdjU%3D,climbing v5,78,51,22,video/mp4,720p,30,avc1.64001F,mp4a.40.2,TRUE,video,0,3,0,7,117
Shane Durkin,"Raisinette V5 ""30 Degrees"" #bouldering #climbing #kilterboard",https://www.youtube.com//shorts/JtNxijwJmn8,climbing v5,16,54,22,video/mp4,720p,30,avc1.64001F,mp4a.40.2,TRUE,video,0,0,0,4,118
Lattice Training,Your Biggest Climbing Mistakes FIXED - V0-V4,https://www.youtube.com//watch?v=zxW-b2pFu5U&pp=ygULY2xpbWJpbmcgdjU%3D,climbing v5,327,56,22,video/mp4,720p,25,avc1.64001F,mp4a.40.2,TRUE,video,0,41,0,43,119
Magnus Midtbø,Testing my limit  -  Indoor 8B+ boulder,https://www.youtube.com//watch?v=tIE_nJWmXB0&pp=ygULY2xpbWJpbmcgdjU%3D,climbing v5,907,57,22,video/mp4,720p,25,avc1.64001F,mp4a.40.2,TRUE,video,7,8,7,11,120
Hannah Morris Bouldering,The best climbing gym in Leeds? a V4/V5 session at Last Sun Dance,https://www.youtube.com//watch?v=1A2uqkIWmyc&pp=ygULY2xpbWJpbmcgdjU%3D,climbing v5,1113,58,22,video/mp4,720p,25,avc1.64001F,mp4a.40.2,TRUE,video,3,6,3,10,121
Josh Rundle,How this Climber Went from V0 to V15 in 5 Years,https://www.youtube.com//watch?v=vhbylGnMbfk&pp=ygULY2xpbWJpbmcgdjU%3D,climbing v5,1543,61,22,video/mp4,720p,24,avc1.64001F,mp4a.40.2,TRUE,video,1,14,1,16,122
Hannah Morris Bouldering,A session at Rock Over climbing gym | VB - V5,https://www.youtube.com//watch?v=INJiBfpsq3I&pp=ygULY2xpbWJpbmcgdjU%3D,climbing v5,689,62,22,video/mp4,720p,25,avc1.64001F,mp4a.40.2,TRUE,video,8,0,8,3,123
Paul Bird,"Climbing v4 v5 v6 v7, tips, technique, bouldering",https://www.youtube.com//watch?v=xr5V4Lt-hqU&pp=ygULY2xpbWJpbmcgdjU%3D,climbing v5,332,63,22,video/mp4,720p,24,avc1.64001F,mp4a.40.2,TRUE,video,1,20,1,23,124
Casual Climbs,This is a V5 Climbing Move,https://www.youtube.com//watch?v=1W1lkVeYOYY&pp=ygULY2xpbWJpbmcgdjU%3D,climbing v5,339,64,22,video/mp4,720p,30,avc1.64001F,mp4a.40.2,TRUE,video,2,37,2,38,125
Hannah Morris Bouldering,Instantly improve your SLOPERS with these pro climbing techniques,https://www.youtube.com//watch?v=IDG1o_XNMJc&pp=ygULY2xpbWJpbmcgdjU%3D,climbing v5,1752,65,22,video/mp4,720p,25,avc1.64001F,mp4a.40.2,TRUE,video,18,45,18,48,126
Catalyst Climbing,V6 to V11 Project Circuit (Every bloc),https://www.youtube.com//watch?v=m-VR93-amTg&pp=ygULY2xpbWJpbmcgdjY%3D,climbing v6,1114,69,22,video/mp4,720p,25,avc1.64001F,mp4a.40.2,TRUE,video,1,9,1,11,127
Geek Climber,V11 (8A) Climber Coaches Me to Climb a Tricky V6 (7A) with 2 Tips,https://www.youtube.com//watch?v=gyaKE3H5Dso&pp=ygULY2xpbWJpbmcgdjY%3D,climbing v6,371,71,22,video/mp4,720p,30,avc1.64001F,mp4a.40.2,TRUE,video,4,35,4,36,128
Kevin Wang,@Jake-Ang + Kevin - V6 flash and V7/8 send train - @VITALClimbingGym Brooklyn,https://www.youtube.com//watch?v=AAjfpS-qnr0&pp=ygULY2xpbWJpbmcgdjY%3D,climbing v6,435,72,22,video/mp4,720p,30,avc1.64001F,mp4a.40.2,TRUE,video,0,18,0,20,129
Hannah Morris Bouldering,V6 vs V9 vs V11 Climbers COMPARED Indoor Bouldering,https://www.youtube.com//watch?v=3__ctMw5a_E&pp=ygULY2xpbWJpbmcgdjY%3D,climbing v6,1653,73,22,video/mp4,720p,24,avc1.64001F,mp4a.40.2,TRUE,video,1,18,1,20,130
Break the Resistance,Climbed my first V6 || Lattice Training Goal Achieved!,https://www.youtube.com//watch?v=0nZOroyzuXA&pp=ygULY2xpbWJpbmcgdjY%3D,climbing v6,318,74,22,video/mp4,720p,30,avc1.64001F,mp4a.40.2,TRUE,video,2,28,2,30,131
ANNA DAVEY Climbing and Fitness,COACHING INTERMEDIATE CLIMBERS - Episode 3 - Tenille takes on V6's,https://www.youtube.com//watch?v=hsdaTcX3_vY&pp=ygULY2xpbWJpbmcgdjY%3D,climbing v6,1197,75,22,video/mp4,720p,30,avc1.64001F,mp4a.40.2,TRUE,video,5,47,5,49,132
rockentry,From V0 to V6 Climber in 3 Years!,https://www.youtube.com//watch?v=FfX4fYIdudk&pp=ygULY2xpbWJpbmcgdjY%3D,climbing v6,982,76,22,video/mp4,720p,24,avc1.64001F,mp4a.40.2,TRUE,video,11,48,11,50,133
Emil Abrahamsson,"What’s the difference between a V6, V10 and V15 climber?",https://www.youtube.com//watch?v=NAXANh3YVck&pp=ygULY2xpbWJpbmcgdjY%3D,climbing v6,1474,77,22,video/mp4,720p,25,avc1.64001F,mp4a.40.2,TRUE,video,1,26,1,28,134
Mike Boyd,I've never climbed before. How long till I can climb a 6c? (5.11),https://www.youtube.com//watch?v=4upvesrv4vg&pp=ygULY2xpbWJpbmcgdjY%3D,climbing v6,868,78,22,video/mp4,720p,30,avc1.64001F,mp4a.40.2,TRUE,video,6,34,6,36,135
Hannah Morris Bouldering,Climb my bouldering project with me! V6-V8,https://www.youtube.com//watch?v=8RqnLsZhRrw&pp=ygULY2xpbWJpbmcgdjY%3D,climbing v6,856,79,22,video/mp4,720p,25,avc1.64001F,mp4a.40.2,TRUE,video,7,58,8,1,136
Josh Rundle,How this Climber Went from 6a to 9a in 6 Years,https://www.youtube.com//watch?v=lkiifTGdW9A&pp=ygULY2xpbWJpbmcgdjY%3D,climbing v6,1497,80,22,video/mp4,720p,24,avc1.64001F,mp4a.40.2,TRUE,video,0,7,0,10,137
JJ ClimbingLife,Drew was so close on this orange V6-V8 ?? #ssa,https://www.youtube.com//watch?v=FC__Dg_1mYQ&pp=ygULY2xpbWJpbmcgdjY%3D,climbing v6,111,82,22,video/mp4,720p,30,avc1.64001F,mp4a.40.2,TRUE,video,1,25,1,27,138
Just Climbing,Squamish Bouldering - Majestic (V6),https://www.youtube.com//watch?v=Fm5nXDYFfDg&pp=ygULY2xpbWJpbmcgdjY%3D,climbing v6,89,83,22,video/mp4,720p,30,avc1.64001F,mp4a.40.2,TRUE,video,0,19,0,22,139
BoulderingBabe,Slab climb got me #nervous every single time - V6-8,https://www.youtube.com//watch?v=nLiFBYIlM_w&pp=ygULY2xpbWJpbmcgdjY%3D,climbing v6,94,84,22,video/mp4,720p,30,avc1.64001F,mp4a.40.2,TRUE,video,0,0,0,4,140
Sahand & Akane,MoonBoard Training As A Short Female Climber | V6 (7A) Benchmark | Climbing Strength/Power Training,https://www.youtube.com//watch?v=SsfWgksXr6w&pp=ygULY2xpbWJpbmcgdjY%3D,climbing v6,1144,87,22,video/mp4,720p,24,avc1.64001F,mp4a.40.2,TRUE,video,3,23,3,25,141
Sahand & Akane,MoonBoard Training As A Short Female Climber | V6 (7A) Benchmark | Climbing Strength/Power Training,https://www.youtube.com//watch?v=SsfWgksXr6w&pp=ygULY2xpbWJpbmcgdjY%3D,climbing v6,1144,87,22,video/mp4,720p,24,avc1.64001F,mp4a.40.2,TRUE,video,4,6,4,9,142
Olivia,One year of female bouldering progression | V0 to V6,https://www.youtube.com//watch?v=eoojIU7WPuM&pp=ygULY2xpbWJpbmcgdjY%3D,climbing v6,1547,89,22,video/mp4,720p,30,avc1.64001F,mp4a.40.2,TRUE,video,0,8,0,11,143
Olivia,One year of female bouldering progression | V0 to V7,https://www.youtube.com//watch?v=eoojIU7WPuM&pp=ygULY2xpbWJpbmcgdjY%4D,climbing v7,1548,90,23,video/mp5,721p,31,avc1.64002F,mp4a.40.3,TRUE,video,5,50,5,57,144
Olivia,One year of female bouldering progression | V0 to V8,https://www.youtube.com//watch?v=eoojIU7WPuM&pp=ygULY2xpbWJpbmcgdjY%5D,climbing v8,1549,91,24,video/mp6,722p,32,avc1.64003F,mp4a.40.4,TRUE,video,22,49,22,57,145
Mani the Monkey,From V7 to V10 in 6 Weeks,https://www.youtube.com//watch?v=OblBCESg2AM&pp=ygULY2xpbWJpbmcgdjY%3D,climbing v6,259,90,22,video/mp4,720p,25,avc1.64001F,mp4a.40.2,TRUE,video,2,11,2,15,146
Bouldering Bobat,Worlds Hardest V6? ||  1% chance to do this climb!,https://www.youtube.com//watch?v=FWiXiX8S3Io&pp=ygULY2xpbWJpbmcgdjY%3D,climbing v6,948,91,22,video/mp4,720p,25,avc1.64001F,mp4a.40.2,TRUE,video,3,44,3,47,147
bossclimbs,Mental Training for Climbing | How training my EYES helped me send V6,https://www.youtube.com//watch?v=X0Lc7zUa-Vc&pp=ygULY2xpbWJpbmcgdjY%3D,climbing v6,535,92,22,video/mp4,720p,24,avc1.64001F,mp4a.40.2,TRUE,video,3,28,3,31,148
rockentry,Bouldering v4 to v6: 3 different types of problems,https://www.youtube.com//watch?v=ire5_jgohkY&pp=ygULY2xpbWJpbmcgdjY%3D,climbing v6,223,93,22,video/mp4,720p,24,avc1.64001F,mp4a.40.2,TRUE,video,0,12,0,15,149
rockentry,Bouldering v4 to v6: 4 different types of problems,https://www.youtube.com//watch?v=ire5_jgohkY&pp=ygULY2xpbWJpbmcgdjY%4D,climbing v7,224,94,23,video/mp5,721p,25,avc1.64002F,mp4a.40.3,TRUE,video,0,36,0,41,150
rockentry,V7 Bouldering Climbs at SENDER ONE Climbing Gym: One Session,https://www.youtube.com//watch?v=hBubUPI2ilo&pp=ygULY2xpbWJpbmcgdjc%3D,climbing v7,376,97,22,video/mp4,720p,24,avc1.64001F,mp4a.40.2,TRUE,video,1,15,1,18,151
rockentry,V8 Bouldering Climbs at SENDER ONE Climbing Gym: One Session,https://www.youtube.com//watch?v=hBubUPI2ilo&pp=ygULY2xpbWJpbmcgdjc%4D,climbing v8,377,98,23,video/mp5,721p,25,avc1.64002F,mp4a.40.3,TRUE,video,1,20,1,26,152
Spicy Blazing Asian,Alex Honnold Climbing A V7 EASY @ Movement LP Chicago,https://www.youtube.com//watch?v=LoILfnviiBM&pp=ygULY2xpbWJpbmcgdjc%3D,climbing v7,64,98,22,video/mp4,720p,30,avc1.64001F,mp4a.40.2,TRUE,video,0,26,0,28,153
Geek Climber,How I Broke Through a 7-Year Plateau to Climb My First V7 (7A+),https://www.youtube.com//watch?v=ednuw6Td5sw&pp=ygULY2xpbWJpbmcgdjc%3D,climbing v7,320,99,22,video/mp4,720p,24,avc1.64001F,mp4a.40.2,TRUE,video,0,1,0,3,154
Mikey K,The Best V7 in the Gym - Route Analysis          #climbing #bouldering #analysis,https://www.youtube.com//watch?v=XvC2IbHTgAE&pp=ygULY2xpbWJpbmcgdjc%3D,climbing v7,154,100,22,video/mp4,720p,30,avc1.64001F,mp4a.40.2,TRUE,video,0,16,0,18,155
Miguel Climbs,V7 Climber Tries a V14 Boulder - ft. Kai Whaley and more,https://www.youtube.com//watch?v=UKmD696o_Qw&pp=ygULY2xpbWJpbmcgdjc%3D,climbing v7,599,101,22,video/mp4,720p,24,avc1.64001F,mp4a.40.2,TRUE,video,0,56,0,58,156
rockentry,Learn to Climb a V8/7B Boulder Problem with me ( SCORPION Dynamic Move Crux ),https://www.youtube.com//watch?v=E8CtCg5B4LE&pp=ygULY2xpbWJpbmcgdjc%3D,climbing v7,736,102,22,video/mp4,720p,24,avc1.64001F,mp4a.40.2,TRUE,video,5,45,5,47,157
Hannah Morris Bouldering,Focussing on CLIMBING TECHNIQUE to improve my session | V0 - V7,https://www.youtube.com//watch?v=Ti-hr1uxb_E&pp=ygULY2xpbWJpbmcgdjc%3D,climbing v7,1155,103,22,video/mp4,720p,25,avc1.64001F,mp4a.40.2,TRUE,video,15,18,15,22,158
Tom O'Halloran,Olympic climber VS 'impossible' V7 benchmark,https://www.youtube.com//watch?v=uvtlgst1zAo&pp=ygULY2xpbWJpbmcgdjc%3D,climbing v7,482,104,22,video/mp4,720p,25,avc1.64001F,mp4a.40.2,TRUE,video,6,25,6,28,159
JPR,V7/8 white climb - Hardest climb I've done yet!,https://www.youtube.com//watch?v=ga1OTAxooAM&pp=ygULY2xpbWJpbmcgdjc%3D,climbing v7,85,105,22,video/mp4,720p,30,avc1.64001F,mp4a.40.2,TRUE,video,0,28,0,30,160
Bryan's Bomber Beta,7 Tips to CLIMB Your First V7 in 7 Minutes - Bouldering Tips & Tricks,https://www.youtube.com//watch?v=rt3HxDUDg1Q&pp=ygULY2xpbWJpbmcgdjc%3D,climbing v7,431,106,22,video/mp4,720p,30,avc1.64001F,mp4a.40.2,TRUE,video,1,19,1,22,161
Bryan's Bomber Beta,7 Tips to CLIMB Your First V7 in 8 Minutes - Bouldering Tips & Tricks,https://www.youtube.com//watch?v=rt3HxDUDg1Q&pp=ygULY2xpbWJpbmcgdjc%4D,climbing v8,432,107,23,video/mp5,721p,31,avc1.64002F,mp4a.40.3,TRUE,video,4,9,4,15,162
Josh Rundle,V10 Climber +20kg VS V7 Climber,https://www.youtube.com//watch?v=__Acyfl6EPI&pp=ygULY2xpbWJpbmcgdjc%3D,climbing v7,1149,107,22,video/mp4,720p,24,avc1.64001F,mp4a.40.2,TRUE,video,11,56,11,59,163
Jonathan Sin ?洛正 Climbing,V0-V7 IN 1 YEAR     (Bouldering Progression),https://www.youtube.com//watch?v=TfBx43w9zDU&pp=ygULY2xpbWJpbmcgdjc%3D,climbing v7,389,109,22,video/mp4,720p,30,avc1.64001F,mp4a.40.2,TRUE,video,0,21,0,23,164
Vertical South Climbing,How to Route Set - Routesetting V7 Boulder Problems,https://www.youtube.com//watch?v=Iam8ZixBnK8&pp=ygULY2xpbWJpbmcgdjc%3D,climbing v7,1134,110,22,video/mp4,720p,24,avc1.64001F,mp4a.40.2,TRUE,video,16,27,16,29,165
Nathan Betts,V3 - V7 at Manchester Climbing Depot | Training for Fontainebleau,https://www.youtube.com//watch?v=ZtNng7LsiQU&pp=ygULY2xpbWJpbmcgdjc%3D,climbing v7,807,111,22,video/mp4,720p,25,avc1.64001F,mp4a.40.2,TRUE,video,7,18,7,22,166
Miguel Climbs,Ep. 65 - Red Rock Bouldering - My Tan V7/Mr. Moran V7/Porkchop V3,https://www.youtube.com//watch?v=yt79QirNOv4&pp=ygULY2xpbWJpbmcgdjc%3D,climbing v7,774,112,22,video/mp4,720p,24,avc1.64001F,mp4a.40.2,TRUE,video,4,10,4,12,167
Andrew MacFarlane,Climb V7 In A Month,https://www.youtube.com//watch?v=KhtJVPxRxxo&pp=ygULY2xpbWJpbmcgdjc%3D,climbing v7,802,113,22,video/mp4,720p,30,avc1.64001F,mp4a.40.2,TRUE,video,3,48,3,51,168
Geek Climber,Climbing an ICONIC V7 (7A+) in 5 days (Dealing with Time Pressure!),https://www.youtube.com//watch?v=IBiH20lgQNs&pp=ygULY2xpbWJpbmcgdjc%4D,climbing v8,351,115,23,video/mp5,721p,25,avc1.64002F,mp4a.40.3,TRUE,video,4,22,4,25,169
Send Edition,I Climbed My First V7 In Just 7 Weeks! Here's How I Did It,https://www.youtube.com//watch?v=u16oKfRB4Dc&pp=ygULY2xpbWJpbmcgdjc%3D,climbing v7,976,117,22,video/mp4,720p,25,avc1.64001F,mp4a.40.2,TRUE,video,13,48,13,51,170
Miguel Climbs,Working The Dirty Rail V7,https://www.youtube.com//watch?v=FTFNjsRhyf4&pp=ygULY2xpbWJpbmcgdjc%3D,climbing v7,679,119,22,video/mp4,720p,24,avc1.64001F,mp4a.40.2,TRUE,video,10,36,10,39,171
rockentry,FIRST EVER! V7 Outdoors After 3 Years of Climbing ( Bubble Butt ) - Day 1,https://www.youtube.com//watch?v=YhwpY4Or-YU&pp=ygULY2xpbWJpbmcgdjc%3D,climbing v7,408,121,22,video/mp4,720p,24,avc1.64001F,mp4a.40.2,TRUE,video,5,35,5,36,172
rockentry,Took 5 Years to Climb my First V10 ( 7C+ ),https://www.youtube.com//watch?v=agXHnV4Rx_M&pp=ygULY2xpbWJpbmcgdjc%3D,climbing v7,796,122,22,video/mp4,720p,24,avc1.64001F,mp4a.40.2,TRUE,video,3,24,3,27,173
ANNA DAVEY Climbing and Fitness,KILTER BOARD - ADRENALINE VAULT REVAMP - V7'S,https://www.youtube.com//watch?v=XF-tktkD71Q&pp=ygULY2xpbWJpbmcgdjc%3D,climbing v7,904,123,22,video/mp4,720p,25,avc1.64001F,mp4a.40.2,TRUE,video,6,44,6,49,174
ANNA DAVEY Climbing and Fitness,KILTER BOARD - ADRENALINE VAULT REVAMP - V8'S,https://www.youtube.com//watch?v=XF-tktkD71Q&pp=ygULY2xpbWJpbmcgdjc%4D,climbing v8,905,124,23,video/mp5,721p,26,avc1.64002F,mp4a.40.3,TRUE,video,7,13,7,18,175
Miguel Climbs,Jam PACKED Climbing WKD - Dirty Rail V7 and Red Rock Rehab - Sunday Sends Ep 103 - Refuge Climb,https://www.youtube.com//watch?v=XGwJn3l6Jw4&pp=ygULY2xpbWJpbmcgdjc%3D,climbing v7,734,124,22,video/mp4,720p,24,avc1.64001F,mp4a.40.2,TRUE,video,5,37,5,40,176
Psychi,Can Sam Mawson climb the entire V5-V7 set at The Depot | Psychi,https://www.youtube.com//watch?v=9H6fJt5KTiY&pp=ygULY2xpbWJpbmcgdjc%3D,climbing v7,718,125,22,video/mp4,720p,25,avc1.64001F,mp4a.40.2,TRUE,video,0,34,0,37,177
Psychi,Can Sam Mawson climb the entire V5-V7 set at The Depot | Psychi,https://www.youtube.com//watch?v=9H6fJt5KTiY&pp=ygULY2xpbWJpbmcgdjc%3D,climbing v7,718,125,22,video/mp4,720p,25,avc1.64001F,mp4a.40.2,TRUE,video,2,48,2,53,178
andyliu84,Black Mountain Bouldering: Tour de France (V7),https://www.youtube.com//watch?v=8KJdZb8yG7o&pp=ygULY2xpbWJpbmcgdjc%3D,climbing v7,44,126,22,video/mp4,720p,24,avc1.64001F,mp4a.40.2,TRUE,video,0,35,0,38,179
rockentry,나와 함께 V8/7B 볼더 문제 등반 방법 배우기(SCORPION Dynamic Move Crux),https://www.youtube.com//watch?v=E8CtCg5B4LE&pp=ugMICgJrbxABGAHKBQtjbGltYmluZyB2OA%3D%3D,climbing v8,736,128,22,video/mp4,720p,24,avc1.64001F,mp4a.40.2,TRUE,video,5,50,5,53,180
Keeoh+,can i still climb v8 after a YEAR?,https://www.youtube.com//watch?v=zVAABL09ZkU&pp=ygULY2xpbWJpbmcgdjg%3D,climbing v8,759,129,22,video/mp4,720p,30,avc1.64001F,mp4a.40.2,TRUE,video,8,38,8,40,181
HoseokClimb,V8까지의 암벽 등반 훈련 루틴 공개(초급~중급),https://www.youtube.com//watch?v=IHHEKcfVIsg&pp=ugMICgJrbxABGAHKBQtjbGltYmluZyB2OA%3D%3D,climbing v8,1434,130,22,video/mp4,720p,30,avc1.64001F,mp4a.40.2,TRUE,video,21,20,21,23,182
beta boi brandon,INTERMEDIATE Climbing Drills that got me past V8,https://www.youtube.com//watch?v=f1J5sENPVUM&pp=ygULY2xpbWJpbmcgdjg%3D,climbing v8,568,131,22,video/mp4,720p,30,avc1.64001F,mp4a.40.2,TRUE,video,7,5,7,8,183
Francis Lao,Climbing Progression: V4 Plateau to First Outdoor V8 in 6 months,https://www.youtube.com//watch?v=a4zcQSZn4qg&pp=ygULY2xpbWJpbmcgdjg%3D,climbing v8,502,132,22,video/mp4,720p,30,avc1.64001F,mp4a.40.2,TRUE,video,3,56,3,58,184
REEL ROCK,World's Hardest Flash - Adam Ondra Climbs 5.15 (9a+) First Try,https://www.youtube.com//watch?v=b6OvrRbGU68&pp=ygULY2xpbWJpbmcgdjg%3D,climbing v8,637,134,22,video/mp4,720p,24,avc1.64001F,mp4a.40.2,TRUE,video,2,27,2,30,185
bossclimbs,V5 Plateau에서 4개월 만에 첫 Moonboard V8까지: 나의 훈련 전략(힌트: 신체 긴장!),https://www.youtube.com//watch?v=UuSbR1vxkTE&pp=ugMICgJrbxABGAHKBQtjbGltYmluZyB2OA%3D%3D,climbing v8,1054,135,22,video/mp4,720p,24,avc1.64001F,mp4a.40.2,TRUE,video,3,45,3,47,186
Magnus Midtbø,Only Hard Bouldering!,https://www.youtube.com//watch?v=vcRBT9Q9jXM&pp=ygULY2xpbWJpbmcgdjg%3D,climbing v8,837,137,22,video/mp4,720p,25,avc1.64001F,mp4a.40.2,TRUE,video,2,14,2,17,187
Lattice Training,볼더링을 더 열심히 하기 위한 6가지 팁! V9에 도달,https://www.youtube.com//watch?v=x6XKOUDn0Z8&pp=ugMICgJrbxABGAHKBQtjbGltYmluZyB2OA%3D%3D,climbing v8,307,138,22,video/mp4,720p,25,avc1.64001F,mp4a.40.2,TRUE,video,3,27,3,28,188
ROAP Coaching,Want to see the real differences between a pro and V8 climber?,https://www.youtube.com//watch?v=l6uVLRf7zns&pp=ygULY2xpbWJpbmcgdjg%3D,climbing v8,1173,139,22,video/mp4,720p,24,avc1.64001F,mp4a.40.2,TRUE,video,1,16,1,19,189
Magnus Midtbø,나의 한계 테스트 - 실내 8B+ 바위,https://www.youtube.com//watch?v=tIE_nJWmXB0&pp=ugMICgJrbxABGAHKBQtjbGltYmluZyB2OA%3D%3D,climbing v8,907,140,22,video/mp4,720p,25,avc1.64001F,mp4a.40.2,TRUE,video,4,52,4,54,190
Emil Abrahamsson,V1에서 V8까지의 Comp Boulders,https://www.youtube.com//watch?v=tziu4mSbJ0c&pp=ugMICgJrbxABGAHKBQtjbGltYmluZyB2OA%3D%3D,climbing v8,1065,142,22,video/mp4,720p,25,avc1.64001F,mp4a.40.2,TRUE,video,6,58,7,1,191
Catalyst Climbing,Can Pro Coach Help Climber Reach V8? (ft. @hannahmorrisbouldering),https://www.youtube.com//watch?v=NpJj8SwP5DY&pp=ygULY2xpbWJpbmcgdjg%3D,climbing v8,1154,144,22,video/mp4,720p,25,avc1.64001F,mp4a.40.2,TRUE,video,16,12,16,15,192
Girl Beta,"Bishop Bouldering - Moonraker, V8",https://www.youtube.com//watch?v=FGd3wtJWXo0&pp=ygULY2xpbWJpbmcgdjg%3D,climbing v8,81,150,22,video/mp4,720p,30,avc1.64001F,mp4a.40.2,TRUE,video,0,0,0,4,193
Girl Beta,"Bishop Bouldering - Moonraker, V8",https://www.youtube.com//watch?v=FGd3wtJWXo0&pp=ygULY2xpbWJpbmcgdjg%3D,climbing v8,81,150,22,video/mp4,720p,30,avc1.64001F,mp4a.40.2,TRUE,video,0,25,0,30,194
Girl Beta,"Bishop Bouldering - Moonraker, V8",https://www.youtube.com//watch?v=FGd3wtJWXo0&pp=ygULY2xpbWJpbmcgdjg%3D,climbing v8,81,150,22,video/mp4,720p,30,avc1.64001F,mp4a.40.2,TRUE,video,1,3,1,6,195
UpHold - Climbing & Fitness,Awesome / Fun Indoor Climbing Session with V2-V8 Boulders at Rockmill Climbing,https://www.youtube.com//watch?v=XD8qRDD5Jsw&pp=ygULY2xpbWJpbmcgdjg%3D,climbing v8,345,160,22,video/mp4,720p,24,avc1.64001F,mp4a.40.2,TRUE,video,0,21,0,23,196
UpHold - Climbing & Fitness,Awesome / Fun Indoor Climbing Session with V2-V8 Boulders at Rockmill Climbing,https://www.youtube.com//watch?v=XD8qRDD5Jsw&pp=ygULY2xpbWJpbmcgdjg%3D,climbing v8,345,160,22,video/mp4,720p,24,avc1.64001F,mp4a.40.2,TRUE,video,0,32,0,37,197
UpHold - Climbing & Fitness,Awesome / Fun Indoor Climbing Session with V2-V8 Boulders at Rockmill Climbing,https://www.youtube.com//watch?v=XD8qRDD5Jsw&pp=ygULY2xpbWJpbmcgdjg%3D,climbing v8,345,160,22,video/mp4,720p,24,avc1.64001F,mp4a.40.2,TRUE,video,0,59,1,6,198
UpHold - Climbing & Fitness,Awesome / Fun Indoor Climbing Session with V2-V9 Boulders at Rockmill Climbing,https://www.youtube.com//watch?v=XD8qRDD5Jsw&pp=ygULY2xpbWJpbmcgdjg%4D,climbing v9,346,161,23,video/mp5,721p,25,avc1.64002F,mp4a.40.3,TRUE,video,2,35,3,42,199
UpHold - Climbing & Fitness,Awesome / Fun Indoor Climbing Session with V2-V10 Boulders at Rockmill Climbing,https://www.youtube.com//watch?v=XD8qRDD5Jsw&pp=ygULY2xpbWJpbmcgdjg%5D,climbing v10,347,162,24,video/mp6,722p,26,avc1.64003F,mp4a.40.4,TRUE,video,3,45,3,50,200
Catalyst Climbing,How many V8+ boulders can Louis do in 90 minutes??,https://www.youtube.com//watch?v=yLq_gR1g80g&pp=ygULY2xpbWJpbmcgdjg%3D,climbing v8,1446,163,22,video/mp4,720p,25,avc1.64001F,mp4a.40.2,TRUE,video,1,23,1,25,201
Catalyst Climbing,How many V8+ boulders can Louis do in 90 minutes??,https://www.youtube.com//watch?v=yLq_gR1g80g&pp=ygULY2xpbWJpbmcgdjg%3D,climbing v8,1446,163,22,video/mp4,720p,25,avc1.64001F,mp4a.40.2,TRUE,video,12,36,12,38,202
Catalyst Climbing,How many V8+ boulders can Louis do in 90 minutes??,https://www.youtube.com//watch?v=yLq_gR1g80g&pp=ygULY2xpbWJpbmcgdjg%3D,climbing v8,1446,163,22,video/mp4,720p,25,avc1.64001F,mp4a.40.2,TRUE,video,21,15,21,18,203
Magnus Midtbø,teaching Ludwig how to climb V9,https://www.youtube.com//watch?v=wL8PjCaJnAA&pp=ygULY2xpbWJpbmcgdjk%3D,climbing v9,1054,166,22,video/mp4,720p,24,avc1.64001F,mp4a.40.2,TRUE,video,6,59,7,2,204
Lattice Training,6 Tips To Bouldering Harder! Reach V9,https://www.youtube.com//watch?v=x6XKOUDn0Z8&pp=ygULY2xpbWJpbmcgdjk%3D,climbing v9,307,167,22,video/mp4,720p,25,avc1.64001F,mp4a.40.2,TRUE,video,1,23,1,24,205
Magnus Midtbø,humiliated by the best boulderer in the world   //  Shawn Raboutou,https://www.youtube.com//watch?v=5BiC-ypXGLU&pp=ygULY2xpbWJpbmcgdjk%3D,climbing v9,1083,170,22,video/mp4,720p,25,avc1.64001F,mp4a.40.2,TRUE,video,4,44,4,47,206
Magnus Midtbø,This boulder took me days to complete!,https://www.youtube.com//watch?v=sMkRijm5qGs&pp=ygULY2xpbWJpbmcgdjk%3D,climbing v9,1543,171,22,video/mp4,720p,25,avc1.64001F,mp4a.40.2,TRUE,video,13,50,13,54,207
Catalyst Climbing,Louis fights for a V9,https://www.youtube.com//watch?v=rtHDchIBNqc&pp=ygULY2xpbWJpbmcgdjk%3D,climbing v9,594,173,22,video/mp4,720p,30,avc1.64001F,mp4a.40.2,TRUE,video,5,11,5,14,208
Miguel Climbs,Jabberwocky V9 - Red Rock Bouldering feat. Devin Meade,https://www.youtube.com//watch?v=OHHr9a2JRAY&pp=ygULY2xpbWJpbmcgdjk%3D,climbing v9,499,174,22,video/mp4,720p,24,avc1.64001F,mp4a.40.2,TRUE,video,6,21,6,27,209
BadWater Bouldering,Top 10 v5-v9 Bishop Climbs (1000 SUB CELEBRATION),https://www.youtube.com//watch?v=mfqfA40MSWo&pp=ygULY2xpbWJpbmcgdjk%3D,climbing v9,611,175,22,video/mp4,720p,30,avc1.64001F,mp4a.40.2,TRUE,video,5,57,6,2,210
WOAH Climbing,MY LONGEST PROJECT EVER?!  Pup fiction v9,https://www.youtube.com//watch?v=6755897rzRI&pp=ygULY2xpbWJpbmcgdjk%3D,climbing v9,381,176,22,video/mp4,720p,30,avc1.64001F,mp4a.40.2,TRUE,video,3,37,3,39,211
Miguel Climbs,Ep. 68- My Hardest Project Yet -WRECKED on this V9 Boulder - Bit** Slap 5 V9 Red Rock Bouldering,https://www.youtube.com//watch?v=Q6MAc48RRGo&pp=ygULY2xpbWJpbmcgdjk%3D,climbing v9,820,178,22,video/mp4,720p,24,avc1.64001F,mp4a.40.2,TRUE,video,9,10,9,13,212
andyliu84,Moe's Valley Bouldering: Lindner's Roof (V9),https://www.youtube.com//watch?v=5Af3dQ1IhRY&pp=ygULY2xpbWJpbmcgdjk%3D,climbing v9,59,179,22,video/mp4,720p,30,avc1.64001F,mp4a.40.2,TRUE,video,0,42,0,45,213
self.guided,"Stiff as a Board V9 - West Mountain, Hueco Tanks",https://www.youtube.com//watch?v=I-vq2eZK53g&pp=ygULY2xpbWJpbmcgdjk%3D,climbing v9,88,181,22,video/mp4,720p,30,avc1.64001F,mp4a.40.2,TRUE,video,0,58,1,1,214
JaybirdTV,Home Wall Climbing | V9 V8 V8 V8,https://www.youtube.com//watch?v=nWOb0MAYC7g&pp=ygULY2xpbWJpbmcgdjk%3D,climbing v9,706,185,22,video/mp4,720p,30,avc1.64001F,mp4a.40.2,TRUE,video,0,56,0,58,215
August Climbing,Burden of Dreams V9 Replica: with the Fargo Climbing Crew,https://www.youtube.com//watch?v=XKVv2HvKjy8&pp=ygULY2xpbWJpbmcgdjk%3D,climbing v9,1798,186,22,video/mp4,720p,30,avc1.64001F,mp4a.40.2,TRUE,video,0,0,0,2,216
August Climbing,Burden of Dreams V9 Replica: with the Fargo Climbing Crew,https://www.youtube.com//watch?v=XKVv2HvKjy8&pp=ygULY2xpbWJpbmcgdjk%3D,climbing v9,1798,186,22,video/mp4,720p,30,avc1.64001F,mp4a.40.2,TRUE,video,7,40,7,43,217
Ludwig,Can 4 Guys Beat 1 Climbing Champion?,https://www.youtube.com//watch?v=QE-nO2-czUY&pp=ygULY2xpbWJpbmcgdjk%3D,climbing v9,888,188,22,video/mp4,720p,24,avc1.64001F,mp4a.40.2,TRUE,video,5,57,5,59,218
Send Story,Climbing My First v9 / 3D Bouldering - BOULDER BREAKDOWN,https://www.youtube.com//watch?v=6TSZW47Ei2U&pp=ygULY2xpbWJpbmcgdjk%3D,climbing v9,657,193,22,video/mp4,720p,24,avc1.64001F,mp4a.40.2,TRUE,video,8,25,8,30,219
Joseph Diaz,V10 Climber Attempts 7 Dynamic Climbing Moves,https://www.youtube.com//watch?v=cA_B0gj361A&pp=ygUMY2xpbWJpbmcgdjEw,climbing v10,730,197,22,video/mp4,720p,24,avc1.64001F,mp4a.40.2,TRUE,video,5,40,5,45,220
Joseph Diaz,V10 Climber Attempts 7 Dynamic Climbing Moves,https://www.youtube.com//watch?v=cA_B0gj361A&pp=ygUMY2xpbWJpbmcgdjEw,climbing v10,730,197,22,video/mp4,720p,24,avc1.64001F,mp4a.40.2,TRUE,video,5,48,5,52,221
Joseph Diaz,V10 Climber Attempts 7 Dynamic Climbing Moves,https://www.youtube.com//watch?v=cA_B0gj361A&pp=ygUMY2xpbWJpbmcgdjEw,climbing v10,730,197,22,video/mp4,720p,24,avc1.64001F,mp4a.40.2,TRUE,video,11,1,11,6,222
treylitefm,Freak V10,https://www.youtube.com//watch?v=KIvlmUHLCes&pp=ygUMY2xpbWJpbmcgdjEw,climbing v10,58,198,22,video/mp4,720p,30,avc1.64001F,mp4a.40.2,TRUE,video,0,46,0,52,223
rockentry,HOW I CLIMBED MY FIRST V10 PROJECT: Aggressive Drop Knee Crux,https://www.youtube.com//watch?v=fDP0YeuzxsU&pp=ygUMY2xpbWJpbmcgdjEw,climbing v10,505,200,22,video/mp4,720p,24,avc1.64001F,mp4a.40.2,TRUE,video,3,6,3,9,224
Cheng is Always Climbing,10 Things I Did to Do My First V10 Boulder,https://www.youtube.com//watch?v=cNPjyeKx5XA&pp=ygUMY2xpbWJpbmcgdjEw,climbing v10,510,201,22,video/mp4,720p,30,avc1.64001F,mp4a.40.2,TRUE,video,2,11,2,17,225
Beefy Boulders,Hoseok Lee going for a V10 and apologizing for sandbagging his benchmarks,https://www.youtube.com//watch?v=AqEWqbfuS-c&pp=ygUMY2xpbWJpbmcgdjEw,climbing v10,699,202,22,video/mp4,720p,30,avc1.64001F,mp4a.40.2,TRUE,video,5,44,5,47,226
Bryan's Bomber Beta,10 Reasons You Haven't Climbed V10 (it's not what you're thinking),https://www.youtube.com//watch?v=IiL1pZ9VU4c&pp=ygUMY2xpbWJpbmcgdjEw,climbing v10,543,203,22,video/mp4,720p,30,avc1.64001F,mp4a.40.2,TRUE,video,3,27,3,34,227
Featz,Preparing for V10 - Two Simple Training Tips,https://www.youtube.com//watch?v=JfcdRVj5Ub8&pp=ygUMY2xpbWJpbmcgdjEw,climbing v10,332,204,22,video/mp4,720p,30,avc1.64001F,mp4a.40.2,TRUE,video,3,39,3,45,228
Choss Media,First Ascent of Too Tall to Fall - V10,https://www.youtube.com//watch?v=fkJ9DJcgi9g&pp=ygUMY2xpbWJpbmcgdjEw,climbing v10,825,206,22,video/mp4,720p,30,avc1.64001F,mp4a.40.2,TRUE,video,5,50,5,54,229
EpicTV Climbing Daily,8a Sport Climbing And V10 Boulder...Send Time | Climbing Daily Ep.1440,https://www.youtube.com//watch?v=llOKgPaM_m0&pp=ygUMY2xpbWJpbmcgdjEw,climbing v10,417,223,22,video/mp4,720p,25,avc1.64001F,mp4a.40.2,TRUE,video,2,28,2,34,230
Eric Karlsson Bouldering,Fredrik Is Crushing A V11 This Bouldering Session!,https://www.youtube.com//watch?v=l6Wj50D5KuM&pp=ygUMY2xpbWJpbmcgdjEx,climbing v11,255,227,22,video/mp4,720p,30,avc1.64001F,mp4a.40.2,TRUE,video,1,52,1,55,231
BadWater Bouldering,"DREAM CLIMB... Evilution Direct (v11, 55ft) - Bishop, CA",https://www.youtube.com//watch?v=OXEhbsVXhy0&pp=ygUMY2xpbWJpbmcgdjEx,climbing v11,1247,228,22,video/mp4,720p,30,avc1.64001F,mp4a.40.2,TRUE,video,7,36,7,40,232
Andrew MacFarlane,Classic Climbs In Magic Wood with Jon Partridge! | V5 to V11,https://www.youtube.com//watch?v=970V3nhQjU8&pp=ygUMY2xpbWJpbmcgdjEx,climbing v11,1105,234,22,video/mp4,720p,25,avc1.64001F,mp4a.40.2,TRUE,video,2,28,2,34,233
Tristan Chen,Duel 8A/V11,https://www.youtube.com//watch?v=0c4ZCOP5b00&pp=ygUMY2xpbWJpbmcgdjEx,climbing v11,277,235,22,video/mp4,720p,30,avc1.64001F,mp4a.40.2,TRUE,video,3,38,3,42,234
Emil Abrahamsson,8A/V11 First Ascent & Powerful Climbing,https://www.youtube.com//watch?v=vtD5tvWi7jA&pp=ygUMY2xpbWJpbmcgdjEx,climbing v11,941,236,22,video/mp4,720p,30,avc1.64001F,mp4a.40.2,TRUE,video,9,36,9,41,235
James Braithwaite,Wet Dream Right V11 (8A) My Hardest Climb Ever (With Hold Closeups) ? Red Rock Bouldering (NV),https://www.youtube.com//watch?v=VjMhC4JTx8k&pp=ygUMY2xpbWJpbmcgdjEx,climbing v11,89,238,22,video/mp4,720p,30,avc1.64001F,mp4a.40.2,TRUE,video,0,55,1,0,236
James Braithwaite,Wet Dream Right V11 (8A) My Hardest Climb Ever (With Hold Closeups) ? Red Rock Bouldering (NV),https://www.youtube.com//watch?v=VjMhC4JTx8k&pp=ygUMY2xpbWJpbmcgdjEx,climbing v11,89,238,22,video/mp4,720p,30,avc1.64001F,mp4a.40.2,TRUE,video,1,5,1,10,237
Peter Li,Rumbling Bald Bouldering - The Christian V11,https://www.youtube.com//watch?v=HtbLx6umxCA&pp=ygUMY2xpbWJpbmcgdjEx,climbing v11,52,239,22,video/mp4,720p,30,avc1.64001F,mp4a.40.2,TRUE,video,0,40,0,48,238
Pablo ,The Ice Cave Climb- Wildhair V11,https://www.youtube.com//watch?v=ozOpa_vmlBY&pp=ygUMY2xpbWJpbmcgdjEx,climbing v11,197,240,22,video/mp4,720p,24,avc1.64001F,mp4a.40.2,TRUE,video,2,34,2,37,239
Nina Williams,"First Ascent of Sundial (V11) in Roy, NM",https://www.youtube.com//watch?v=5UFKlA8jfNQ&pp=ygUMY2xpbWJpbmcgdjEx,climbing v11,88,243,22,video/mp4,720p,30,avc1.64001F,mp4a.40.2,TRUE,video,0,20,0,24,240
Nina Williams,"First Ascent of Sundial (V11) in Roy, NM",https://www.youtube.com//watch?v=5UFKlA8jfNQ&pp=ygUMY2xpbWJpbmcgdjEx,climbing v11,88,243,22,video/mp4,720p,30,avc1.64001F,mp4a.40.2,TRUE,video,1,16,1,23,241
Climbing World,?? Tomoa Narasaki OUTDOOR ROCK CLIMBING - [V11 FLASH],https://www.youtube.com//watch?v=EdZ_HK4rS58&pp=ygUMY2xpbWJpbmcgdjEx,climbing v11,736,247,22,video/mp4,720p,30,avc1.64001F,mp4a.40.2,TRUE,video,0,10,0,14,242
Climbing World,?? Tomoa Narasaki OUTDOOR ROCK CLIMBING - [V11 FLASH],https://www.youtube.com//watch?v=EdZ_HK4rS58&pp=ygUMY2xpbWJpbmcgdjEx,climbing v11,736,247,22,video/mp4,720p,30,avc1.64001F,mp4a.40.2,TRUE,video,0,32,0,36,243
Climbing World,?? Tomoa Narasaki OUTDOOR ROCK CLIMBING - [V11 FLASH],https://www.youtube.com//watch?v=EdZ_HK4rS58&pp=ygUMY2xpbWJpbmcgdjEx,climbing v11,736,247,22,video/mp4,720p,30,avc1.64001F,mp4a.40.2,TRUE,video,0,42,0,46,244
Climbing World,?? Tomoa Narasaki OUTDOOR ROCK CLIMBING - [V11 FLASH],https://www.youtube.com//watch?v=EdZ_HK4rS58&pp=ygUMY2xpbWJpbmcgdjEx,climbing v11,736,247,22,video/mp4,720p,30,avc1.64001F,mp4a.40.2,TRUE,video,1,18,1,21,245
Climbing World,?? Tomoa Narasaki OUTDOOR ROCK CLIMBING - [V11 FLASH],https://www.youtube.com//watch?v=EdZ_HK4rS58&pp=ygUMY2xpbWJpbmcgdjEx,climbing v11,736,247,22,video/mp4,720p,30,avc1.64001F,mp4a.40.2,TRUE,video,5,21,5,24,246
Sam Rothstein,Dreamland V11,https://www.youtube.com//watch?v=G9jW-L8zxAk&pp=ygUMY2xpbWJpbmcgdjEx,climbing v11,50,252,22,video/mp4,720p,30,avc1.64001F,mp4a.40.2,TRUE,video,0,9,0,11,247
Sam Rothstein,Dreamland V11,https://www.youtube.com//watch?v=G9jW-L8zxAk&pp=ygUMY2xpbWJpbmcgdjEx,climbing v11,50,252,22,video/mp4,720p,30,avc1.64001F,mp4a.40.2,TRUE,video,0,40,0,45,248
Tension Climbing,"Roy Quanstrom sends ""King Tut"" V11 in Red Feather",https://www.youtube.com//watch?v=kSWIWgTvM-4&pp=ygUMY2xpbWJpbmcgdjEx,climbing v11,75,255,22,video/mp4,720p,24,avc1.64001F,mp4a.40.2,TRUE,video,1,2,1,6,249
FrictionLabs,"FrictionLabs Pro and legally blind climber Justin Salas climbs Worm Turns, V11!",https://www.youtube.com//watch?v=pOHHCdUx_7M&pp=ygUMY2xpbWJpbmcgdjEx,climbing v11,61,256,22,video/mp4,720p,24,avc1.64001F,mp4a.40.2,TRUE,video,0,23,0,29,250
